"","Modnames","K","AICc","Delta_AICc","ModelLik","AICcWt","Res.LL","Cum.Wt"
"9","Age times sex",7,887.165309421074,0,1,0.999999639674937,-436.44335122795,0.999999639674937
"8","Age plus sex",6,917.552597943932,30.3872885228573,2.52048511646407e-07,2.52048420827011e-07,-452.672080609683,0.999999891723358
"7","Age",5,919.242461464554,32.0771520434795,1.08276681318729e-07,1.08276642303926e-07,-454.546973306534,1
"1","Intercept",4,968.875535302978,81.7102258819035,1.80654960958377e-18,1.80654895863866e-18,-480.38838493544,1
"5","Moose Observation",5,972.91229303522,85.7469836141456,2.40037496319245e-19,2.40037409827719e-19,-481.381889091867,1
"4","Calf Observation",5,973.513333841163,86.3480244200883,1.77731634778525e-19,1.77731570737363e-19,-481.682409494839,1
"2","Year",5,973.577950799819,86.4126413787443,1.72081166455691e-19,1.72081104450534e-19,-481.714717974167,1
"3","Moose Harvest",5,975.520995484753,88.3556860636788,6.51338198873364e-20,6.51337964179886e-20,-482.686240316634,1
"6","Bilberry Index",5,975.801614066944,88.6363046458699,5.6607111938546e-20,5.66070915415849e-20,-482.82654960773,1
