"","Modnames","K","AICc","Delta_AICc","ModelLik","AICcWt","Res.LL","Cum.Wt"
"6","Age",5,889.857593722666,0,1,0.999999697398765,-439.850671861333,0.999999697398765
"5","Lagged Bilberry Index",5,919.881051016965,30.0234572942992,3.0233545824522e-07,3.02335366758137e-07,-454.862400508483,0.999999999734131
"2","Lagged Moose Harvest",5,934.214988959689,44.3573952370225,2.33299607680697e-10,2.33299537083947e-10,-462.029369479844,0.999999999967431
"1","Intercept",4,939.291982573217,49.4343888505509,1.84271789325735e-11,1.84271733564863e-11,-465.59404323466,0.999999999985858
"4","Lagged Moose Observation",5,940.534563906583,50.676970183917,9.90001254162014e-12,9.90000954586412e-12,-465.189156953292,0.999999999995758
"3","Lagged Calf Observation",5,942.229617033608,52.3720233109423,4.24189227287181e-12,4.24189098926997e-12,-466.036683516804,1
